brand,model,year,frame_size,head_tube_length,stack,reach,head_tube_angle,seat_tube_angle,chainstay_length,wheelbase,bb_drop,wheel_size,seat_tube_length,default_crank_length,speeds,chainring_1,chainring_2,cassette_low,cassette_high,source
Revel,Rover,2025,SMALL,110mm,535mm,397mm,71.5°,75°,420mm,1016mm,70mm,,450mm,,,,,,,
Revel,Rover,2025,MEDIUM,136mm,560mm,407mm,71.5°,75°,420mm,1034mm,70mm,,490mm,,,,,,,
Revel,Rover,2025,LARGE,157mm,580mm,415mm,71.5°,75°,420mm,1049mm,70mm,,520mm,,,,,,,
Revel,Rover,2025,XL,178mm,600mm,423mm,71.5°,75°,420mm,1064mm,70mm,,550mm,,,,,,,
Revel,Rover,2025,XXL,205mm,625mm,433mm,71.5°,75°,420mm,1082mm,70mm,,580mm,,,,,,,
Specialized,Tarmac SL8,,56,143,577,395,73.0,74.0,410,,72,622,580,172.5,12,50,,11,34,csv:seed
Trek,Domane SL6,,56,145,597,398,72.7,74.0,420,,75,622,580,172.5,12,50,34,11,34,csv:seed
Canyon,Endurace CF 7,,M,125,549,388,73.0,74.0,416,,77,622,560,170.0,12,52,36,11,34,csv:seed
Specialized,Tarmac SL8,2024,44,93,501,368,70.5,75.5,410,970,72,622,435,165,24,52,36,36,10,compiled_data
Specialized,Tarmac SL8,2024,49,103,514,375,71.5,75.5,410,973,72,622,447,165,24,52,36,36,10,compiled_data
Specialized,Tarmac SL8,2024,52,113,527,380,72.5,74.0,410,975,72,622,468,170,24,52,36,36,10,compiled_data
Specialized,Tarmac SL8,2024,54,131,541,388,73.0,74.0,410,978,72,622,496,170,24,52,36,36,10,compiled_data
Specialized,Tarmac SL8,2024,56,151,565,398,73.5,73.5,410,991,72,622,517,172.5,24,52,36,36,10,compiled_data
Specialized,Tarmac SL8,2024,58,178,591,402,73.5,73.5,410,1006,72,622,541,172.5,24,52,36,36,10,compiled_data
Specialized,Tarmac SL8,2024,61,208,612,408,74.0,73.0,410,1020,72,622,568,175,24,52,36,36,10,compiled_data
Trek,Madone Gen 8,2024,XS,100,508,368,70.8,75.1,410,973,70,622,404,165,24,50,34,34,10,compiled_data
Trek,Madone Gen 8,2024,S,115,521,376,71.9,74.6,410,974,70,622,440,165,24,50,34,34,10,compiled_data
Trek,Madone Gen 8,2024,M,130,541,386,72.8,73.7,410,980,70,622,476,170,24,50,34,34,10,compiled_data
Trek,Madone Gen 8,2024,ML,150,563,391,73.0,73.3,410,987,70,622,512,172.5,24,50,34,34,10,compiled_data
Trek,Madone Gen 8,2024,L,175,581,396,73.5,73.0,410,998,70,622,548,172.5,24,50,34,34,10,compiled_data
Trek,Madone Gen 8,2024,XL,205,609,401,73.8,72.8,410,1015,70,622,609,175,24,50,34,34,10,compiled_data
Canyon,Ultimate CF SLX,2024,3XS,82,476,350,69.5,75.0,415,958,70,584,412,165,24,52,36,34,10,compiled_data
Canyon,Ultimate CF SLX,2024,2XS,91,498,363,70.5,74.5,415,966,70,584,432,165,24,52,36,34,10,compiled_data
Canyon,Ultimate CF SLX,2024,XS,109,522,378,71.5,74.0,415,975,70,622,462,170,24,52,36,34,10,compiled_data
Canyon,Ultimate CF SLX,2024,S,132,546,390,72.75,73.5,415,980,70,622,492,170,24,52,36,34,10,compiled_data
Canyon,Ultimate CF SLX,2024,M,153,567,401,73.25,73.5,415,988,70,622,522,172.5,24,52,36,34,10,compiled_data
Canyon,Ultimate CF SLX,2024,L,178,587,413,73.5,73.5,415,1001,70,622,552,175,24,52,36,34,10,compiled_data
Canyon,Ultimate CF SLX,2024,XL,202,608,424,73.5,73.5,415,1012,70,622,582,175,24,52,36,34,10,compiled_data
Canyon,Ultimate CF SLX,2024,2XL,223,628,435,73.5,73.5,415,1023,70,622,612,175,24,52,36,34,10,compiled_data
Cannondale,SuperSix EVO,2024,44,114,505,372,70.9,74.5,410,970,74,622,395,165,24,50,34,34,10,compiled_data
Cannondale,SuperSix EVO,2024,48,122,520,378,71.2,74.3,410,975,74,622,430,165,24,50,34,34,10,compiled_data
Cannondale,SuperSix EVO,2024,51,130,535,383,71.2,73.7,410,980,74,622,465,170,24,50,34,34,10,compiled_data
Cannondale,SuperSix EVO,2024,54,154,555,384,73.0,73.7,410,987,72,622,505,172.5,24,50,34,34,10,compiled_data
Cannondale,SuperSix EVO,2024,56,165,575,395,73.0,73.3,410,997,72,622,525,172.5,24,50,34,34,10,compiled_data
Cannondale,SuperSix EVO,2024,58,188,595,400,73.0,72.9,410,1007,72,622,545,175,24,50,34,34,10,compiled_data
Cannondale,SuperSix EVO,2024,60,208,615,404,73.0,72.9,410,1022,72,622,575,175,24,50,34,34,10,compiled_data
BMC,Teammachine SLR01,2024,47,113,517,367,70.5,74.5,410,972,69,622,423,170,24,50,34,34,10,compiled_data
BMC,Teammachine SLR01,2024,51,130,530,377,71.5,73.5,410,976,69,622,462,170,24,50,34,34,10,compiled_data
BMC,Teammachine SLR01,2024,54,148,550,386,72.3,73.5,410,986,69,622,502,172.5,24,50,34,34,10,compiled_data
BMC,Teammachine SLR01,2024,56,165,565,392,72.3,73.5,410,992,69,622,522,172.5,24,50,34,34,10,compiled_data
BMC,Teammachine SLR01,2024,58,183,584,401,72.3,73.5,410,1001,69,622,542,175,24,50,34,34,10,compiled_data
BMC,Teammachine SLR01,2024,61,203,604,410,72.3,73.5,410,1010,69,622,572,175,24,50,34,34,10,compiled_data
Giant,TCR Advanced Pro,2024,XS,120,517,376,71.0,74.5,405,972,70,622,425,170,24,52,36,34,10,compiled_data
Giant,TCR Advanced Pro,2024,S,130,528,383,72.0,74.0,405,977,70,622,445,170,24,52,36,34,10,compiled_data
Giant,TCR Advanced Pro,2024,M,145,545,388,73.0,73.5,405,980,70,622,470,172.5,24,52,36,34,10,compiled_data
Giant,TCR Advanced Pro,2024,ML,165,562,393,73.0,73.0,405,991,67,622,500,172.5,24,52,36,34,10,compiled_data
Giant,TCR Advanced Pro,2024,L,185,581,402,73.0,73.0,405,1006,67,622,525,175,24,52,36,34,10,compiled_data
Giant,TCR Advanced Pro,2024,XL,205,599,412,73.0,72.5,405,1021,67,622,550,175,24,52,36,34,10,compiled_data
Cervelo,Soloist,2024,48,103,505,368,71.0,73.0,410,972,74.5,622,439,165,24,52,36,30,10,compiled_data
Cervelo,Soloist,2024,51,121,530,377,72.0,73.0,410,976,74.5,622,467,170,24,52,36,30,10,compiled_data
Cervelo,Soloist,2024,54,142,555,383,73.0,73.0,410,982,72.0,622,498,172.5,24,52,36,30,10,compiled_data
Cervelo,Soloist,2024,56,163,580,392,73.0,73.0,410,994,72.0,622,520,172.5,24,52,36,30,10,compiled_data
Cervelo,Soloist,2024,58,188,605,401,73.0,73.0,410,1006,69.5,622,544,175,24,52,36,30,10,compiled_data
Cervelo,Soloist,2024,61,211,630,409,73.0,73.0,410,1018,69.5,622,568,175,24,52,36,30,10,compiled_data
Pinarello,Dogma F,2024,430,90,502,363,70.5,74.5,406,968,72,622,430,165,24,50,34,34,11,compiled_data
Pinarello,Dogma F,2024,465,103,516,372,71.0,74.5,406,971,72,622,465,170,24,50,34,34,11,compiled_data
Pinarello,Dogma F,2024,500,116,529,380,72.0,74.0,406,974,72,622,500,170,24,50,34,34,11,compiled_data
Pinarello,Dogma F,2024,530,139,542,386,72.5,73.7,406,984,72,622,530,172.5,24,50,34,34,11,compiled_data
Pinarello,Dogma F,2024,550,156,561,391,72.8,73.2,406,988,72,622,550,172.5,24,50,34,34,11,compiled_data
Pinarello,Dogma F,2024,575,178,584,397,73.2,72.8,406,1001,67,622,575,175,24,50,34,34,11,compiled_data
Pinarello,Dogma F,2024,620,222,621,409,73.4,72.2,406,1019,67,622,620,175,24,50,34,34,11,compiled_data
Canyon,Endurace CF SLX,2024,2XS,112,522,363,70.5,74.5,415,979,73,622,432,165,24,50,34,34,10,compiled_data
Canyon,Endurace CF SLX,2024,XS,128,542,373,71.5,74.0,415,983,73,622,462,170,24,50,34,34,10,compiled_data
Canyon,Endurace CF SLX,2024,S,143,562,382,72.25,73.5,415,988,73,622,492,170,24,50,34,34,10,compiled_data
Canyon,Endurace CF SLX,2024,M,164,582,389,72.75,73.5,415,993,73,622,522,172.5,24,50,34,34,10,compiled_data
Canyon,Endurace CF SLX,2024,L,189,602,398,73.25,73.5,415,1005,73,622,552,175,24,50,34,34,10,compiled_data
Canyon,Endurace CF SLX,2024,XL,212,622,406,73.25,73.5,415,1015,73,622,582,175,24,50,34,34,10,compiled_data
Canyon,Endurace CF SLX,2024,2XL,234,642,415,73.25,73.5,415,1025,73,622,612,175,24,50,34,34,10,compiled_data
Specialized,Roubaix SL8,2024,44,110,535,360,70.5,75.5,415,988,78,622,385,165,24,50,34,36,10,compiled_data
Specialized,Roubaix SL8,2024,49,115,550,365,71.5,75.5,415,990,78,622,410,165,24,50,34,36,10,compiled_data
Specialized,Roubaix SL8,2024,52,125,570,370,72.0,74.0,415,993,78,622,440,170,24,50,34,36,10,compiled_data
Specialized,Roubaix SL8,2024,54,140,585,376,72.5,74.0,415,998,76,622,475,170,24,50,34,36,10,compiled_data
Specialized,Roubaix SL8,2024,56,160,605,381,73.0,73.5,415,1008,76,622,500,172.5,24,50,34,36,10,compiled_data
Specialized,Roubaix SL8,2024,58,185,630,387,73.0,73.5,415,1022,74,622,530,172.5,24,50,34,36,10,compiled_data
Specialized,Roubaix SL8,2024,61,210,650,392,73.5,73.0,415,1033,74,622,560,175,24,50,34,36,10,compiled_data
Specialized,Diverge STR,2024,49,103,562,364,70.5,74.0,425,1011,85,622,440,165,12,40,,52,10,compiled_data
Specialized,Diverge STR,2024,52,120,577,374,71.2,73.5,425,1017,85,622,470,170,12,40,,52,10,compiled_data
Specialized,Diverge STR,2024,54,138,592,383,71.2,73.5,425,1028,85,622,490,170,12,40,,52,10,compiled_data
Specialized,Diverge STR,2024,56,158,610,392,71.7,73.5,425,1039,80,622,510,172.5,12,40,,52,10,compiled_data
Specialized,Diverge STR,2024,58,181,630,401,72.0,73.5,425,1053,80,622,530,172.5,12,40,,52,10,compiled_data
Specialized,Diverge STR,2024,61,206,650,410,72.0,73.0,425,1067,80,622,560,175,12,40,,52,10,compiled_data
Canyon,Grizl CF SL,2024,2XS,106,523,370,69.5,74.5,420,1001,75,584,432,165,12,40,,44,10,compiled_data
Canyon,Grizl CF SL,2024,XS,122,543,380,70.5,74.0,420,1006,75,584,462,170,12,40,,44,10,compiled_data
Canyon,Grizl CF SL,2024,S,138,563,390,71.5,73.5,435,1023,75,622,492,170,12,40,,44,10,compiled_data
Canyon,Grizl CF SL,2024,M,158,583,402,72.25,73.5,435,1029,75,622,522,172.5,12,40,,44,10,compiled_data
Canyon,Grizl CF SL,2024,L,183,605,409,72.5,73.5,435,1039,75,622,552,175,12,40,,44,10,compiled_data
Canyon,Grizl CF SL,2024,XL,206,626,419,72.5,73.5,435,1049,75,622,582,175,12,40,,44,10,compiled_data
Canyon,Grizl CF SL,2024,2XL,228,646,429,72.5,73.5,435,1059,75,622,612,175,12,40,,44,10,compiled_data
Cervelo,Aspero,2024,48,93,505,370,70.5,74.5,420,988,78,622,443,165,24,48,31,36,11,compiled_data
Cervelo,Aspero,2024,51,111,530,379,71.5,74.0,420,993,78,622,473,170,24,48,31,36,11,compiled_data
Cervelo,Aspero,2024,54,133,555,388,72.0,73.5,420,1001,76,622,510,172.5,24,48,31,36,11,compiled_data
Cervelo,Aspero,2024,56,155,580,397,72.0,73.0,420,1010,76,622,533,172.5,24,48,31,36,11,compiled_data
Cervelo,Aspero,2024,58,179,605,406,72.0,73.0,420,1022,73.5,622,555,175,24,48,31,36,11,compiled_data
Cervelo,Aspero,2024,61,202,630,415,72.0,73.0,420,1034,73.5,622,580,175,24,48,31,36,11,compiled_data
Trek,Checkpoint SL,2024,49,95,528,374,70.1,74.6,435,1011,76,622,410,165,12,40,,44,10,compiled_data
Trek,Checkpoint SL,2024,52,110,547,383,70.9,74.1,435,1014,76,622,440,170,12,40,,44,10,compiled_data
Trek,Checkpoint SL,2024,54,130,567,390,71.6,73.7,435,1021,76,622,470,170,12,40,,44,10,compiled_data
Trek,Checkpoint SL,2024,56,150,590,400,72.2,73.2,435,1027,76,622,500,172.5,12,40,,44,10,compiled_data
Trek,Checkpoint SL,2024,58,175,611,411,72.5,72.8,435,1038,76,622,530,172.5,12,40,,44,10,compiled_data
Trek,Checkpoint SL,2024,61,200,634,420,72.8,72.3,435,1051,76,622,560,175,12,40,,44,10,compiled_data
Santa Cruz,Stigmata,2024,XS,100,535,372,68.5,74.5,423,1015,74,622,430,170,12,40,,44,10,compiled_data
Santa Cruz,Stigmata,2024,S,115,555,385,69.0,74.0,423,1028,74,622,460,170,12,40,,44,10,compiled_data
Santa Cruz,Stigmata,2024,M,130,575,395,69.5,74.0,423,1040,72,622,490,172.5,12,40,,44,10,compiled_data
Santa Cruz,Stigmata,2024,L,150,595,405,69.5,73.5,423,1055,72,622,520,172.5,12,40,,44,10,compiled_data
Santa Cruz,Stigmata,2024,XL,170,615,418,69.5,73.5,423,1070,70,622,550,175,12,40,,44,10,compiled_data
Santa Cruz,Stigmata,2024,XXL,190,635,430,69.5,73.0,423,1085,70,622,580,175,12,40,,44,10,compiled_data
Cannondale,Topstone Carbon,2024,XS,105,533,368,70.0,73.1,420,1006,67,622,410,165,24,46,30,34,11,compiled_data
Cannondale,Topstone Carbon,2024,S,130,557,377,71.0,73.1,420,1010,67,622,458,170,24,46,30,34,11,compiled_data
Cannondale,Topstone Carbon,2024,M,160,579,387,71.2,73.1,420,1022,67,622,505,172.5,24,46,30,34,11,compiled_data
Cannondale,Topstone Carbon,2024,L,190,610,397,71.2,73.1,420,1040,67,622,553,172.5,24,46,30,34,11,compiled_data
Cannondale,Topstone Carbon,2024,XL,220,640,406,71.2,73.1,420,1059,67,622,600,175,24,46,30,34,11,compiled_data
Giant,Revolt Advanced,2024,XS,125,556,378,70.0,74.5,425,1016,80,622,430,170,24,48,31,34,11,compiled_data
Giant,Revolt Advanced,2024,S,135,570,381,70.5,73.5,425,1020,80,622,450,170,24,48,31,34,11,compiled_data
Giant,Revolt Advanced,2024,M,150,586,387,71.5,73.5,425,1026,80,622,470,172.5,24,48,31,34,11,compiled_data
Giant,Revolt Advanced,2024,ML,165,600,391,71.5,73.0,425,1031,80,622,490,172.5,24,48,31,34,11,compiled_data
Giant,Revolt Advanced,2024,L,180,616,397,72.0,73.0,425,1041,80,622,510,175,24,48,31,34,11,compiled_data
Giant,Revolt Advanced,2024,XL,195,630,402,72.0,73.0,425,1046,80,622,530,175,24,48,31,34,11,compiled_data
Lauf,Seigla,2024,S,102,548,382,70.5,72.5,425,1029,65,622,450,170,12,40,,52,10,compiled_data
Lauf,Seigla,2024,M,118,566,392,70.5,72.5,425,1041,65,622,485,172.5,12,40,,52,10,compiled_data
Lauf,Seigla,2024,L,138,588,403,70.5,72.5,425,1054,65,622,520,172.5,12,40,,52,10,compiled_data
Lauf,Seigla,2024,XL,160,612,415,70.5,72.5,425,1068,65,622,560,175,12,40,,52,10,compiled_data
BMC,Kaius 01,2024,47,114,518,382,71.0,74.0,420,1002,73,622,440,170,24,43,30,36,10,compiled_data
BMC,Kaius 01,2024,51,128,538,391,71.5,73.5,420,1007,73,622,470,170,24,43,30,36,10,compiled_data
BMC,Kaius 01,2024,54,143,558,401,72.0,73.5,420,1014,73,622,500,172.5,24,43,30,36,10,compiled_data
BMC,Kaius 01,2024,56,160,578,410,72.0,73.5,420,1023,73,622,520,172.5,24,43,30,36,10,compiled_data
BMC,Kaius 01,2024,58,180,598,420,72.0,73.5,420,1033,73,622,540,175,24,43,30,36,10,compiled_data
BMC,Kaius 01,2024,61,200,618,430,72.0,73.5,420,1043,73,622,570,175,24,43,30,36,10,compiled_data
Factor,Ostro Gravel,2024,49,101,518,371,70.5,74.5,422,995,74,622,440,170,12,44,,44,10,compiled_data
Factor,Ostro Gravel,2024,52,118,538,381,71.5,74.0,422,1000,74,622,470,170,12,44,,44,10,compiled_data
Factor,Ostro Gravel,2024,54,136,558,391,72.0,73.5,422,1007,74,622,500,172.5,12,44,,44,10,compiled_data
Factor,Ostro Gravel,2024,56,155,578,402,72.5,73.0,422,1016,74,622,520,172.5,12,44,,44,10,compiled_data
Factor,Ostro Gravel,2024,58,177,598,412,72.5,73.0,422,1027,74,622,540,175,12,44,,44,10,compiled_data
Factor,Ostro Gravel,2024,61,199,618,421,72.5,73.0,422,1037,74,622,570,175,12,44,,44,10,compiled_data
Specialized,Stumpjumper 15,2024,S1,95,613,405,64.5,77.5,430,1168,30,622,385,165,12,32,,52,10,compiled_data
Specialized,Stumpjumper 15,2024,S2,100,617,430,64.5,77.2,430,1195,30,622,385,165,12,32,,52,10,compiled_data
Specialized,Stumpjumper 15,2024,S3,110,626,455,64.5,77.0,432,1223,30,622,400,170,12,32,,52,10,compiled_data
Specialized,Stumpjumper 15,2024,S4,120,635,475,64.5,76.8,432,1246,30,622,425,170,12,32,,52,10,compiled_data
Specialized,Stumpjumper 15,2024,S5,135,648,500,64.5,76.5,442,1278,30,622,445,175,12,32,,52,10,compiled_data
Specialized,Stumpjumper 15,2024,S6,150,662,530,64.5,76.3,442,1311,30,622,465,175,12,32,,52,10,compiled_data
Santa Cruz,Hightower V3,2024,S,100,615,432,64.5,76.7,431,1188,30,622,380,170,12,32,,52,10,compiled_data
Santa Cruz,Hightower V3,2024,M,110,624,452,64.5,76.6,434,1211,30,622,405,170,12,32,,52,10,compiled_data
Santa Cruz,Hightower V3,2024,L,120,633,472,64.5,76.5,437,1234,30,622,430,170,12,32,,52,10,compiled_data
Santa Cruz,Hightower V3,2024,XL,135,647,492,64.5,76.4,441,1260,30,622,460,175,12,32,,52,10,compiled_data
Santa Cruz,Hightower V3,2024,XXL,150,660,512,64.5,76.3,444,1285,30,622,500,175,12,32,,52,10,compiled_data
Trek,Fuel EX Gen 6,2024,XS,90,580,400,64.5,77.5,435,1160,30,584,360,165,12,30,,52,10,compiled_data
Trek,Fuel EX Gen 6,2024,S,95,600,425,64.5,77.3,435,1185,30,622,380,165,12,30,,52,10,compiled_data
Trek,Fuel EX Gen 6,2024,M,100,615,450,64.5,77.2,435,1211,30,622,400,170,12,30,,52,10,compiled_data
Trek,Fuel EX Gen 6,2024,ML,105,620,470,64.5,77.1,440,1233,30,622,420,170,12,30,,52,10,compiled_data
Trek,Fuel EX Gen 6,2024,L,115,630,485,64.5,77.0,440,1250,30,622,435,170,12,30,,52,10,compiled_data
Trek,Fuel EX Gen 6,2024,XL,125,640,515,64.5,76.9,445,1283,30,622,470,175,12,30,,52,10,compiled_data
Yeti,SB140,2024,S,94,608,430,65.0,77.5,436,1192,31,622,380,170,12,32,,52,10,compiled_data
Yeti,SB140,2024,M,104,617,460,65.0,77.5,438,1223,31,622,410,170,12,32,,52,10,compiled_data
Yeti,SB140,2024,L,114,626,480,65.0,77.5,440,1245,31,622,440,170,12,32,,52,10,compiled_data
Yeti,SB140,2024,XL,124,635,505,65.0,77.5,442,1272,31,622,475,175,12,32,,52,10,compiled_data
Yeti,SB140,2024,XXL,134,644,530,65.0,77.5,444,1299,31,622,505,175,12,32,,52,10,compiled_data
Transition,Sentinel V2,2024,S,90,610,425,63.6,78.3,436,1197,30,622,360,165,12,32,,52,10,compiled_data
Transition,Sentinel V2,2024,M,100,619,450,63.6,77.9,436,1223,30,622,390,170,12,32,,52,10,compiled_data
Transition,Sentinel V2,2024,L,110,628,475,63.6,77.5,440,1251,30,622,430,170,12,32,,52,10,compiled_data
Transition,Sentinel V2,2024,XL,120,637,500,63.6,77.1,440,1278,30,622,460,175,12,32,,52,10,compiled_data
Transition,Sentinel V2,2024,XXL,130,646,525,63.6,76.7,444,1306,30,622,490,175,12,32,,52,10,compiled_data
Ibis,Ripley V4,2024,S,95,602,425,66.5,76.0,432,1161,33,622,343,170,12,32,,52,10,compiled_data
Ibis,Ripley V4,2024,M,105,611,450,66.5,76.0,432,1187,33,622,381,170,12,32,,52,10,compiled_data
Ibis,Ripley V4,2024,L,115,620,475,66.5,76.0,432,1213,33,622,419,170,12,32,,52,10,compiled_data
Ibis,Ripley V4,2024,XL,125,629,500,66.5,76.0,432,1239,33,622,470,175,12,32,,52,10,compiled_data
Pivot,Switchblade,2024,XS,90,608,420,65.2,77.5,431,1173,28,622,368,165,12,32,,52,10,compiled_data
Pivot,Switchblade,2024,S,95,618,440,65.2,77.2,431,1194,28,622,394,170,12,32,,52,10,compiled_data
Pivot,Switchblade,2024,M,100,627,460,65.2,77.0,431,1215,28,622,419,170,12,32,,52,10,compiled_data
Pivot,Switchblade,2024,L,110,636,480,65.2,76.5,436,1239,28,622,445,170,12,32,,52,10,compiled_data
Pivot,Switchblade,2024,XL,120,645,500,65.2,76.0,436,1261,28,622,482,175,12,32,,52,10,compiled_data
Canyon,Spectral 29,2024,S,100,611,435,64.0,76.5,437,1198,36,622,390,165,12,32,,52,10,compiled_data
Canyon,Spectral 29,2024,M,110,621,460,64.0,76.5,437,1224,36,622,415,170,12,32,,52,10,compiled_data
Canyon,Spectral 29,2024,L,120,630,485,64.0,76.5,437,1251,36,622,440,170,12,32,,52,10,compiled_data
Canyon,Spectral 29,2024,XL,130,639,510,64.0,76.5,437,1277,36,622,465,175,12,32,,52,10,compiled_data
Commencal,Meta TR,2024,S,105,618,445,64.5,78.6,435,1206,33,622,390,165,12,32,,52,10,compiled_data
Commencal,Meta TR,2024,M,115,627,465,64.5,78.6,435,1227,33,622,410,170,12,32,,52,10,compiled_data
Commencal,Meta TR,2024,L,125,636,485,64.5,78.6,435,1248,33,622,440,170,12,32,,52,10,compiled_data
Commencal,Meta TR,2024,XL,135,645,505,64.5,78.6,435,1269,33,622,470,175,12,32,,52,10,compiled_data
Norco,Sight VLT / Sight,2024,S1,95,615,425,64.0,77.5,435,1190,25,622,380,165,12,32,,52,10,compiled_data
Norco,Sight VLT / Sight,2024,S2,100,624,450,64.0,77.5,438,1217,25,622,395,170,12,32,,52,10,compiled_data
Norco,Sight VLT / Sight,2024,S3,105,633,475,64.0,77.5,441,1244,25,622,410,170,12,32,,52,10,compiled_data
Norco,Sight VLT / Sight,2024,S4,115,642,500,64.0,77.5,444,1272,25,622,440,175,12,32,,52,10,compiled_data
Norco,Sight VLT / Sight,2024,S5,125,651,525,64.0,77.5,447,1300,25,622,465,175,12,32,,52,10,compiled_data